{
  "bouncing_ball": {
    "table": {
      "elasticity": {
        "mean": 0.9346137619198568,
        "std": 0.016876750369180217,
        "min": 0.8750000000000003,
        "max": 0.9772648059188255
      }
    },
    "mousepad": {
      "elasticity": {
        "mean": 0.7310427639189381,
        "std": 0.09389245053376276,
        "min": 0.5623413251903505,
        "max": 0.9
      }
    },
    "tennis": {
      "elasticity": {
        "mean": 0.7555273221288781,
        "std": 0.05149810088676574,
        "min": 0.6428571428571429,
        "max": 0.8630543739971823
      }
    }
  },
  "sliding_block": {
    "low": {
      "angle": {
        "mean": 20.0,
        "std": 0.0,
        "min": 20.0,
        "max": 20.0
      },
      "friction": {
        "mean": 0.20757074238454887,
        "std": 0.037367594512241774,
        "min": 0.14204435475881058,
        "max": 0.2752844887490091
      }
    },
    "mid": {
      "angle": {
        "mean": 25.0,
        "std": 0.0,
        "min": 25.0,
        "max": 25.0
      },
      "friction": {
        "mean": 0.20757074238454887,
        "std": 0.037367594512241774,
        "min": 0.14204435475881058,
        "max": 0.2752844887490091
      }
    },
    "high": {
      "angle": {
        "mean": 30.0,
        "std": 0.0,
        "min": 30.0,
        "max": 30.0
      },
      "friction": {
        "mean": 0.20757074238454887,
        "std": 0.037367594512241774,
        "min": 0.14204435475881058,
        "max": 0.2752844887490091
      }
    }
  },
  "pendulum": {
    "pendulum_45": {
      "length": {
        "mean": 0.45,
        "std": 0.0,
        "min": 0.45,
        "max": 0.45
      },
      "damping": {
        "mean": -0.05924256555362806,
        "std": 0.007763972844735845,
        "min": -0.06854464914265807,
        "max": -0.045836337893625526
      }
    },
    "pendulum_90": {
      "length": {
        "mean": 0.9,
        "std": 0.0,
        "min": 0.9,
        "max": 0.9
      },
      "damping": {
        "mean": -0.05924256555362806,
        "std": 0.007763972844735845,
        "min": -0.06854464914265807,
        "max": -0.045836337893625526
      }
    },
    "pendulum_150": {
      "length": {
        "mean": 1.5,
        "std": 0.0,
        "min": 1.5,
        "max": 1.5
      },
      "damping": {
        "mean": -0.05924256555362806,
        "std": 0.007763972844735845,
        "min": -0.06854464914265807,
        "max": -0.045836337893625526
      }
    }
  },
  "led": {
    "led_2s": {
      "decay": {
        "mean": 2.3,
        "std": 0.0,
        "min": 2.3,
        "max": 2.3
      }
    }, 
    "led_5s": {
      "decay": {
        "mean": 0.92,
        "std": 0.0,
        "min": 0.92,
        "max": 0.92
      }
    },
    "led_10s": {
      "decay": {
        "mean": 0.46,
        "std": 0.0,
        "min": 0.46,
        "max": 0.46
      }
    }
  },
  "dropped_ball": { 
    "small": {
      "r": {
        "mean": 0.0335,
        "std": 0.0,
        "min": 0.0335,
        "max": 0.0335
      }, 
      "h_0": {
        "mean": 0.2,
        "std": 0.0,
        "min": 0.2,
        "max": 0.2
      }, 
      "focal": {
        "mean": 1450.6285240464347,
        "std": 118.2508714744313,
        "min": 1253.3333333333335,
        "max": 1580.0
      }
    },
    "medium": {
      "r": {
        "mean": 0.06,
        "std": 0.0,
        "min": 0.06,
        "max": 0.06
      }, 
      "h_0": {
        "mean": 0.2,
        "std": 0.0,
        "min": 0.2,
        "max": 0.2
      }, 
      "focal": {
        "mean": 1450.6285240464347,
        "std": 118.2508714744313,
        "min": 1253.3333333333335,
        "max": 1580.0
      }
    },
    "large": {
      "r": {
        "mean": 0.1,
        "std": 0.0,
        "min": 0.1,
        "max": 0.1
      }, 
      "h_0": {
        "mean": 0.2,
        "std": 0.0,
        "min": 0.2,
        "max": 0.2
      }, 
      "focal": {
        "mean": 1450.6285240464347,
        "std": 118.2508714744313,
        "min": 1253.3333333333335,
        "max": 1580.0
      }
    }
  }
}